contig	strand	position	id	ref_id	reference_base	edited_base	proportion_edited	gene	cds_position	codon_position	codon	edited_codon	aa	edited_aa	synonymous	creates_start	creates_stop	removes_stop	preceding_base	subsequent_base
ap_chloroplast	-	3569	matKeU545PL	matKeU536PLrAfi	C	U	0.5964391691394659	matK	545	2	CCA	CUA	P	L	false	false	false	false	C	A
ap_chloroplast	-	3861	matKeC253*R	matKeC253*RrAfi	T	C	0.6131386861313869	matK	253	1	UGA	CGA	*	R	false	false	false	true	U	G
ap_chloroplast	-	4019	matKeU95SF	matKeU95SFrAfi	C	U	0.7715736040609137	matK	95	2	UCU	UUU	S	F	false	false	false	false	U	U
ap_chloroplast	-	4692	ycf94eU64HY	ycf94eU64HYrAfi	C	U	0.8119457485654669	ycf94	64	1	CAU	UAU	H	Y	false	false	false	false	U	A
ap_chloroplast	-	4716	ycf94eU40HY	ycf94eU40HYrAfi	C	U	0.8591648973814578	ycf94	40	1	CAC	UAC	H	Y	false	false	false	false	U	A
ap_chloroplast	-	4754	ycf94eU2TM	ycf94eU2TMrAfi	C	U	0.6565143824027073	ycf94	2	2	ACG	AUG	T	M	false	true	false	false	A	G
ap_chloroplast	-	6111	chlBeU1469SF	chlBeU1469SFrAfi	C	U	0.7983870967741935	chlB	1469	2	UCU	UUU	S	F	false	false	false	false	U	U
ap_chloroplast	-	6361	chlBeU1219LF	chlBeU1219LFrAfi	C	U	0.8115034168564921	chlB	1219	1	CUC	UUC	L	F	false	false	false	false	U	U
ap_chloroplast	-	7198	chlBeC382*R	chlBeC382*RrAfi	T	C	0.677710843373494	chlB	382	1	UGA	CGA	*	R	false	false	false	true	U	G
ap_chloroplast	-	7284	chlBeU296TI	chlBeU296TIrAfi	C	U	0.7721011770598547	chlB	296	2	ACU	AUU	T	I	false	false	false	false	A	U
ap_chloroplast	-	7317	chlBeU263SL	chlBeU263SLrAfi	C	U	0.7501829714564527	chlB	263	2	UCA	UUA	S	L	false	false	false	false	U	A
ap_chloroplast	-	7330	chlBeC250*Q	chlBeC250*QrAfi	T	C	0.7488966318234611	chlB	250	1	UAA	CAA	*	Q	false	false	false	true	A	A
ap_chloroplast	-	7386	chlBeU194SL	chlBeU194SLrAfi	C	U	0.7332535885167464	chlB	194	2	UCG	UUG	S	L	false	false	false	false	U	G
ap_chloroplast	-	7468	chlBeU112HY	chlBeU112HYrAfi	C	U	0.8316831683168316	chlB	112	1	CAU	UAU	H	Y	false	false	false	false	U	A
ap_chloroplast	+	9549	psb30eU77SL	psb30eU77SLrAfi	C	U	0.9206337826211644	psb30	77	2	UCA	UUA	S	L	false	false	false	false	U	A
ap_chloroplast	-	11024	atpAeU1472SL	atpAeU1472SLrAfi	C	U	0.9948982654102395	atpA	1472	2	UCA	UUA	S	L	false	false	false	false	U	A
ap_chloroplast	-	11345	atpAeU1151SL	atpAeU1151SLrAfi	C	U	0.9953537486800422	atpA	1151	2	UCA	UUA	S	L	false	false	false	false	U	A
ap_chloroplast	-	11616	atpAeU880HY	atpAeU880HYrAfi	C	U	0.99263291450088	atpA	880	1	CAU	UAU	H	Y	false	false	false	false	U	A
ap_chloroplast	-	12107	atpAeU389SL	atpAeU389SLrAfi	C	U	0.9942663304514889	atpA	389	2	UCA	UUA	S	L	false	false	false	false	U	A
ap_chloroplast	-	12266	atpAeU230PL	atpAeU230PLrAfi	C	U	0.978887435017859	atpA	230	2	CCG	CUG	P	L	false	false	false	false	C	G
ap_chloroplast	-	12299	atpAeU197PL	atpAeU197PLrAfi	C	U	0.9904573280518545	atpA	197	2	CCG	CUG	P	L	false	false	false	false	C	G
ap_chloroplast	-	12326	atpAeU170SF	atpAeU170SFrAfi	C	U	0.9919687930243231	atpA	170	2	UCU	UUU	S	F	false	false	false	false	U	U
ap_chloroplast	-	12355	atpAeU141NN	atpAeU141NNrAfi	C	U	0.07170492648955377	atpA	141	3	AAC	AAU	N	N	true	false	false	false	A	A
ap_chloroplast	-	12393	atpAeC103*Q	atpAeC103*QrAfi	T	C	0.9586518415566365	atpA	103	1	UAA	CAA	*	Q	false	false	false	true	U	A
ap_chloroplast	-	12395	atpAeU101PL	atpAeU101PLrAfi	C	U	0.9869798630108809	atpA	101	2	CCU	CUU	P	L	false	false	false	false	C	U
ap_chloroplast	-	12771	atpFeU353PL	atpFeU353PLrAfi	C	U	0.9190396596261966	atpF	353	2	CCA	CUA	P	L	false	false	false	false	C	A
ap_chloroplast	-	13289	atpFeU591		C	U	0.7176451936796491		591	0	---	---	-	-		false	false	false	A	C
ap_chloroplast	-	14532	atpHeU44SL	atpHeU44SLrAfi	C	U	0.9843007491153086	atpH	44	2	UCA	UUA	S	L	false	false	false	false	U	A
ap_chloroplast	-	14574	atpHeU2TM	atpHeU2TMrAfi	C	U	0.9717475056801343	atpH	2	2	ACG	AUG	T	M	false	true	false	false	A	G
ap_chloroplast	-	15426	atpIeU650PL	atpIeU656PLrAfi	C	U	0.987906680702098	atpI	650	2	CCU	CUU	P	L	false	false	false	false	C	U
ap_chloroplast	-	15459	atpIeU617PL	atpIeU623PLrAfi	C	U	0.9938472973530991	atpI	617	2	CCA	CUA	P	L	false	false	false	false	C	A
ap_chloroplast	-	15483	atpIeU593SL	atpIeU599SLrAfi	C	U	0.9899526939339389	atpI	593	2	UCA	UUA	S	L	false	false	false	false	U	A
ap_chloroplast	-	15516	atpIeU560SF	atpIeU566SFrAfi	C	U	0.9930088437024458	atpI	560	2	UCU	UUU	S	F	false	false	false	false	U	U
ap_chloroplast	-	15540	atpIeU536SF	atpIeU542SFrAfi	C	U	0.9762289457957991	atpI	536	2	UCU	UUU	S	F	false	false	false	false	U	U
ap_chloroplast	-	15549	atpIeU527SL	atpIeU533SLrAfi	C	U	0.9823373359396816	atpI	527	2	UCA	UUA	S	L	false	false	false	false	U	A
ap_chloroplast	-	15596	atpIeU480SF	atpIeU486SFrAfi	C	U	0.12545844248630628	atpI	480	3	UCC	UUU	S	F	false	false	false	false	U	G
ap_chloroplast	-	15597	atpIeU479SF	atpIeU485SFrAfi	C	U	0.9805038491789213	atpI	479	2	UCC	UUU	S	F	false	false	false	false	U	U
ap_chloroplast	-	15654	atpIeU422SL	atpIeU428SLrAfi	C	U	0.9455370246831221	atpI	422	2	UCG	UUG	S	L	false	false	false	false	U	G
ap_chloroplast	-	15751	atpIeU325RW	atpIeU331RWrAfi	C	U	0.9770152378736768	atpI	325	1	CGG	UGG	R	W	false	false	false	false	U	G
ap_chloroplast	-	15955	atpIeU121PS	atpIeU127PSrAfi	C	U	0.980744762066333	atpI	121	1	CCU	UCU	P	S	false	false	false	false	C	C
ap_chloroplast	-	16003	atpIeU73HY	atpIeU79HYrAfi	C	U	0.9810985101178563	atpI	73	1	CAC	UAC	H	Y	false	false	false	false	U	A
ap_chloroplast	-	16004	atpIeU72FF	atpIeU78FFrAfi	C	U	0.9817329273983866	atpI	72	3	UUC	UUU	F	F	true	false	false	false	U	U
ap_chloroplast	-	16012	atpIeC64*Q	atpIeC70*QrAfi	T	C	0.918360624882364	atpI	64	1	UAA	CAA	*	Q	false	false	false	true	U	A
ap_chloroplast	-	16476	rps2eC517*Q	rps2eC517*QrAfi	T	C	0.871075559561364	rps2	517	1	UAA	CAA	*	Q	false	false	false	true	A	A
ap_chloroplast	-	16563	rps2eC430*Q	rps2eC430*QrAfi	T	C	0.9528416549175944	rps2	430	1	UAA	CAA	*	Q	false	false	false	true	A	A
ap_chloroplast	-	16599	rps2eC394*R	rps2eC394*RrAfi	T	C	0.9538618280613235	rps2	394	1	UGA	CGA	*	R	false	false	false	true	U	G
ap_chloroplast	-	16671	rps2eU322RW	rps2eU322RWrAfi	C	U	0.9548734892618034	rps2	322	1	CGG	UGG	R	W	false	false	false	false	U	G
ap_chloroplast	-	16811	rps2eU182SL	rps2eU182SLrAfi	C	U	0.9357820018102997	rps2	182	2	UCA	UUA	S	L	false	false	false	false	U	A
ap_chloroplast	-	16814	rps2eU179SL	rps2eU179SLrAfi	C	U	0.9276303042046115	rps2	179	2	UCA	UUA	S	L	false	false	false	false	U	A
ap_chloroplast	-	16832	rps2eU161SL	rps2eU161SLrAfi	C	U	0.9672607432461732	rps2	161	2	UCG	UUG	S	L	false	false	false	false	U	G
ap_chloroplast	-	16964	rps2eU29SL	rps2eU29SLrAfi	C	U	0.9880952380952381	rps2	29	2	UCA	UUA	S	L	false	false	false	false	U	A
ap_chloroplast	-	16977	rps2eU16RW	rps2eU16RWrAfi	C	U	0.734602142310635	rps2	16	1	CGG	UGG	R	W	false	false	false	false	U	G
ap_chloroplast	-	16991	rps2eU2TM	rps2eU2TMrAfi	C	U	0.2620364920541495	rps2	2	2	ACG	AUG	T	M	false	true	false	false	A	G
ap_chloroplast	-	17346	rpoC2eU4037PL	rpoC2eU4037PLrAfi	C	U	0.9478458049886621	rpoC2	4037	2	CCU	CUU	P	L	false	false	false	false	C	U
ap_chloroplast	-	17431	rpoC2eU3952LF	rpoC2eU3952LFrAfi	C	U	0.9026275115919629	rpoC2	3952	1	CUU	UUU	L	F	false	false	false	false	U	U
ap_chloroplast	-	17445	rpoC2eU3938SL	rpoC2eU3938SLrAfi	C	U	0.9491298527443106	rpoC2	3938	2	UCA	UUA	S	L	false	false	false	false	U	A
ap_chloroplast	-	17564	rpoC2eU3819PP	rpoC2eU3819PPrAfi	C	U	0.20923520923520925	rpoC2	3819	3	CCC	CCU	P	P	true	false	false	false	C	G
ap_chloroplast	-	17568	rpoC2eU3815SL	rpoC2eU3815SLrAfi	C	U	0.9418439716312057	rpoC2	3815	2	UCA	UUA	S	L	false	false	false	false	U	A
ap_chloroplast	-	17623	rpoC2eC3760WR	rpoC2eC3760WRrAfi	T	C	0.8708971553610503	rpoC2	3760	1	UGG	CGG	W	R	false	false	false	false	U	G
ap_chloroplast	-	17665	rpoC2eC3718*Q	rpoC2eC3718*QrAfi	T	C	0.841688654353562	rpoC2	3718	1	UAA	CAA	*	Q	false	false	false	true	U	A
ap_chloroplast	-	17697	rpoC2eU3686SL	rpoC2eU3686SLrAfi	C	U	0.8267045454545454	rpoC2	3686	2	UCA	UUA	S	L	false	false	false	false	U	A
ap_chloroplast	-	17749	rpoC2eU3634RW	rpoC2eU3634RWrAfi	C	U	0.9128329297820823	rpoC2	3634	1	CGG	UGG	R	W	false	false	false	false	U	G
ap_chloroplast	-	17976	rpoC2eU3407SL	rpoC2eU3407SLrAfi	C	U	0.8805194805194805	rpoC2	3407	2	UCA	UUA	S	L	false	false	false	false	U	A
ap_chloroplast	-	18813	rpoC2eU2570PL	rpoC2eU2564PLrAfi	C	U	0.8252551020408163	rpoC2	2570	2	CCU	CUU	P	L	false	false	false	false	C	U
ap_chloroplast	-	19963	rpoC2eU1420RW	rpoC2eU1420RWrAfi	C	U	0.910958904109589	rpoC2	1420	1	CGG	UGG	R	W	false	false	false	false	G	G
ap_chloroplast	-	20038	rpoC2eU1345RW	rpoC2eU1345RWrAfi	C	U	0.7413793103448276	rpoC2	1345	1	CGG	UGG	R	W	false	false	false	false	U	G
ap_chloroplast	-	20245	rpoC2eU1138RW	rpoC2eU1138RWrAfi	C	U	0.7553191489361702	rpoC2	1138	1	CGG	UGG	R	W	false	false	false	false	U	G
ap_chloroplast	-	20470	rpoC2eU913RW	rpoC2eU913RWrAfi	C	U	0.8578680203045685	rpoC2	913	1	CGG	UGG	R	W	false	false	false	false	U	G
ap_chloroplast	-	20494	rpoC2eU889RW	rpoC2eU889RWrAfi	C	U	0.7796143250688705	rpoC2	889	1	CGG	UGG	R	W	false	false	false	false	C	G
ap_chloroplast	-	20646	rpoC2eU737PL	rpoC2eU737PLrAfi	C	U	0.7884130982367759	rpoC2	737	2	CCG	CUG	P	L	false	false	false	false	C	G
ap_chloroplast	-	20668	rpoC2eC715*R	rpoC2eC715*RrAfi	T	C	0.6628242074927954	rpoC2	715	1	UGA	CGA	*	R	false	false	false	true	C	G
ap_chloroplast	-	21051	rpoC2eU332SL	rpoC2eU332SLrAfi	C	U	0.7946428571428571	rpoC2	332	2	UCG	UUG	S	L	false	false	false	false	U	G
ap_chloroplast	-	21166	rpoC2eC217*Q	rpoC2eC217*QrAfi	T	C	0.512396694214876	rpoC2	217	1	UAA	CAA	*	Q	false	false	false	true	G	A
ap_chloroplast	-	21213	rpoC2eU170SL	rpoC2eU170SLrAfi	C	U	0.8376068376068376	rpoC2	170	2	UCA	UUA	S	L	false	false	false	false	U	A
ap_chloroplast	-	21610	rpoC1eU1949SL	rpoC1eU1970SLrAfi	C	U	0.7083333333333334	rpoC1	1949	2	UCA	UUA	S	L	false	false	false	false	U	A
ap_chloroplast	-	22091	rpoC1eU1468LF	rpoC1eU1480LFrAfi	C	U	0.8408408408408409	rpoC1	1468	1	CUU	UUU	L	F	false	false	false	false	U	U
ap_chloroplast	-	22112	rpoC1eU1447RC	rpoC1eU1459RCrAfi	C	U	0.8408408408408409	rpoC1	1447	1	CGU	UGU	R	C	false	false	false	false	U	G
ap_chloroplast	-	22117	rpoC1eU1442SL	rpoC1eU1454SLrAfi	C	U	0.8297872340425532	rpoC1	1442	2	UCA	UUA	S	L	false	false	false	false	U	A
ap_chloroplast	-	22204	rpoC1eU1355SL	rpoC1eU1367SLrAfi	C	U	0.8436213991769548	rpoC1	1355	2	UCG	UUG	S	L	false	false	false	false	U	G
ap_chloroplast	-	22414	rpoC1eC1145LS	rpoC1eC1157LSrAfi	T	C	0.7285714285714285	rpoC1	1145	2	UUA	UCA	L	S	false	false	false	false	U	A
ap_chloroplast	-	22658	rpoC1eU901HY	rpoC1eU913HYrAfi	C	U	0.9242819843342036	rpoC1	901	1	CAU	UAU	H	Y	false	false	false	false	U	A
ap_chloroplast	-	22699	rpoC1eU860SL	rpoC1eU872SLrAfi	C	U	0.885480572597137	rpoC1	860	2	UCA	UUA	S	L	false	false	false	false	U	A
ap_chloroplast	-	22894	rpoC1eU665SL	rpoC1eU677SLrAfi	C	U	0.8597122302158273	rpoC1	665	2	UCG	UUG	S	L	false	false	false	false	U	G
ap_chloroplast	-	23086	rpoC1eU473SL	rpoC1eU485SLrAfi	C	U	0.7227979274611399	rpoC1	473	2	UCA	UUA	S	L	false	false	false	false	U	A
ap_chloroplast	-	23089	rpoC1eU470SL	rpoC1eU482SLrAfi	C	U	0.8549222797927462	rpoC1	470	2	UCA	UUA	S	L	false	false	false	false	U	A
ap_chloroplast	-	23475	rpoC1eU809		C	U	0.8641390205371248		809	0	---	---	-	-		false	false	false	C	G
ap_chloroplast	-	23843	rpoC1eU441		C	U	0.7931034482758621		441	0	---	---	-	-		false	false	false	U	U
ap_chloroplast	-	23865	rpoC1eU419PL	rpoC1eU419PLrAfi	C	U	0.8522875816993464	rpoC1	419	2	CCA	CUA	P	L	false	false	false	false	C	A
ap_chloroplast	-	23874	rpoC1eU410SL	rpoC1eU410SLrAfi	C	U	0.8731155778894473	rpoC1	410	2	UCA	UUA	S	L	false	false	false	false	U	A
ap_chloroplast	-	24151	rpoC1eU133HY	rpoC1eU133HYrAfi	C	U	0.9143192488262911	rpoC1	133	1	CAU	UAU	H	Y	false	false	false	false	U	A
ap_chloroplast	-	24169	rpoC1eC115*Q	rpoC1eC115*QrAfi	T	C	0.6069767441860465	rpoC1	115	1	UAA	CAA	*	Q	false	false	false	true	U	A
ap_chloroplast	-	24282	rpoC1eU2TM	rpoC1eU2TMrAfi	C	U	0.8628318584070797	rpoC1	2	2	ACG	AUG	T	M	false	true	false	false	A	G
ap_chloroplast	-	24351	rpoBeU3188SL	rpoBeU3191SLrAfi	C	U	0.8454258675078864	rpoB	3188	2	UCG	UUG	S	L	false	false	false	false	U	G
ap_chloroplast	-	24480	rpoBeU3059PL	rpoBeU3062PLrAfi	C	U	0.8257686676427526	rpoB	3059	2	CCU	CUU	P	L	false	false	false	false	C	U
ap_chloroplast	-	24534	rpoBeU3005SL	rpoBeU3008SLrAfi	C	U	0.8146143437077131	rpoB	3005	2	UCA	UUA	S	L	false	false	false	false	U	A
ap_chloroplast	-	24568	rpoBeU2971RW	rpoBeU2974RWrAfi	C	U	0.8801089918256131	rpoB	2971	1	CGG	UGG	R	W	false	false	false	false	U	G
ap_chloroplast	-	24946	rpoBeC2593*Q	rpoBeC2596*QrAfi	T	C	0.7726027397260274	rpoB	2593	1	UAA	CAA	*	Q	false	false	false	true	A	A
ap_chloroplast	-	24961	rpoBeC2578*R	rpoBeC2581*RrAfi	T	C	0.8072625698324022	rpoB	2578	1	UGA	CGA	*	R	false	false	false	true	A	G
ap_chloroplast	-	25018	rpoBeU2521HY	rpoBeU2524HYrAfi	C	U	0.857379767827529	rpoB	2521	1	CAU	UAU	H	Y	false	false	false	false	C	A
ap_chloroplast	-	25111	rpoBeC2428*Q	rpoBeC2431*QrAfi	T	C	0.7051282051282052	rpoB	2428	1	UAA	CAA	*	Q	false	false	false	true	A	A
ap_chloroplast	-	25251	rpoBeU2288SF	rpoBeU2291SFrAfi	C	U	0.8419182948490231	rpoB	2288	2	UCU	UUU	S	F	false	false	false	false	U	U
ap_chloroplast	-	25491	rpoBeU2048SF	rpoBeU2051SFrAfi	C	U	0.7871287128712872	rpoB	2048	2	UCU	UUU	S	F	false	false	false	false	U	U
ap_chloroplast	-	25509	rpoBeU2030SL	rpoBeU2033SLrAfi	C	U	0.7210440456769984	rpoB	2030	2	UCA	UUA	S	L	false	false	false	false	U	A
ap_chloroplast	-	25574	rpoBeU1965II	rpoBeU1968IIrAfi	C	U	0.21266233766233766	rpoB	1965	3	AUC	AUU	I	I	true	false	false	false	U	U
ap_chloroplast	-	25855	rpoBeC1684*Q	rpoBeC1684*QrAfi	T	C	0.6160337552742616	rpoB	1684	1	UAA	CAA	*	Q	false	false	false	true	U	A
ap_chloroplast	-	26049	rpoBeU1490SF	rpoBeU1490SFrAfi	C	U	0.7899590163934426	rpoB	1490	2	UCU	UUU	S	F	false	false	false	false	U	U
ap_chloroplast	-	26166	rpoBeU1373PL	rpoBeU1373PLrAfi	C	U	0.7905604719764012	rpoB	1373	2	CCU	CUU	P	L	false	false	false	false	C	U
ap_chloroplast	-	26721	rpoBeU818SL	rpoBeU818SLrAfi	C	U	0.7726377952755905	rpoB	818	2	UCA	UUA	S	L	false	false	false	false	U	A
ap_chloroplast	-	26821	rpoBeC718*Q	rpoBeC718*QrAfi	T	C	0.44600280504908835	rpoB	718	1	UAG	CAG	*	Q	false	false	false	true	G	A
ap_chloroplast	-	26847	rpoBeU692SF	rpoBeU692SFrAfi	C	U	0.5661881977671451	rpoB	692	2	UCU	UUU	S	F	false	false	false	false	U	U
ap_chloroplast	-	26898	rpoBeU641TI	rpoBeU641TIrAfi	C	U	0.4798890429958391	rpoB	641	2	ACA	AUA	T	I	false	false	false	false	A	A
ap_chloroplast	-	27084	rpoBeU455SL	rpoBeU455SLrAfi	C	U	0.7938718662952646	rpoB	455	2	UCA	UUA	S	L	false	false	false	false	U	A
ap_chloroplast	-	27310	rpoBeC229*Q	rpoBeC229*QrAfi	T	C	0.5272547076313181	rpoB	229	1	UAA	CAA	*	Q	false	false	false	true	U	A
ap_chloroplast	-	27354	rpoBeU185AV	rpoBeU185AVrAfi	C	U	0.3108477666362808	rpoB	185	2	GCG	GUG	A	V	false	false	false	false	G	G
ap_chloroplast	-	27408	rpoBeU131SF	rpoBeU131SFrAfi	C	U	0.6448979591836734	rpoB	131	2	UCU	UUU	S	F	false	false	false	false	U	U
ap_chloroplast	-	27412	rpoBeC127*R	rpoBeC127*RrAfi	T	C	0.5010245901639344	rpoB	127	1	UGA	CGA	*	R	false	false	false	true	U	G
ap_chloroplast	-	27414	rpoBeU125SF	rpoBeU125SFrAfi	C	U	0.7077720207253886	rpoB	125	2	UCU	UUU	S	F	false	false	false	false	U	U
ap_chloroplast	-	27471	rpoBeU68SL	rpoBeU68SLrAfi	C	U	0.7021531100478469	rpoB	68	2	UCA	UUA	S	L	false	false	false	false	U	A
ap_chloroplast	-	27537	rpoBeU2TM	rpoBeU2TMrAfi	C	U	0.6164978292329957	rpoB	2	2	ACG	AUG	T	M	false	true	false	false	A	G
ap_chloroplast	+	29529	psbMeU2TM	psbMeU2TMrAfi	C	U	0.9470443877332452	psbM	2	2	ACG	AUG	T	M	false	true	false	false	A	G
ap_chloroplast	-	30013	petNeU44SF	petNeU44SFrAfi	C	U	0.958873685285408	petN	44	2	UCU	UUU	S	F	false	false	false	false	U	U
ap_chloroplast	-	30022	petNeU35TM	petNeU35TMrAfi	C	U	0.91355431251374	petN	35	2	ACG	AUG	T	M	false	false	false	false	A	G
ap_chloroplast	-	30049	petNeU8PL	petNeU8PLrAfi	C	U	0.9361855856320801	petN	8	2	CCA	CUA	P	L	false	false	false	false	C	A
ap_chloroplast	-	30055	petNeU2TM	petNeU2TMrAfi	C	U	0.8944490089349902	petN	2	2	ACG	AUG	T	M	false	true	false	false	A	G
ap_chloroplast	-	31305	psbZeU171PL	psbZeU171PLrAfi	C	U	0.9621341857898542	psbZ	171	3	CCC	CUU	P	L	false	false	false	false	U	A
ap_chloroplast	-	31306	psbZeU170PL	psbZeU170PLrAfi	C	U	0.9604342673649604	psbZ	170	2	CCC	CUU	P	L	false	false	false	false	C	U
ap_chloroplast	-	31474	psbZeU2TM	psbZeU2TMrAfi	C	U	0.9333896766519548	psbZ	2	2	ACG	AUG	T	M	false	true	false	false	A	G
ap_chloroplast	-	38695	psaBeU1112SL	psaBeU1112SLrAfi	C	U	0.9827416384737271	psaB	1112	2	UCA	UUA	S	L	false	false	false	false	U	A
ap_chloroplast	-	42524	pafIeU427RW	pafIeU427RWrAfi	C	U	0.9240506329113924	pafI	427	1	CGG	UGG	R	W	false	false	false	false	U	G
ap_chloroplast	-	43382	pafIeU239PL	pafIeU239PLrAfi	C	U	0.8748753738783649	pafI	239	2	CCU	CUU	P	L	false	false	false	false	C	U
ap_chloroplast	-	43395	pafIeU226HY	pafIeU226HYrAfi	C	U	0.8595450049455984	pafI	226	1	CAU	UAU	H	Y	false	false	false	false	U	A
ap_chloroplast	-	43455	pafIeC166*Q	pafIeC166*QrAfi	T	C	0.7148182665424044	pafI	166	1	UAA	CAA	*	Q	false	false	false	true	A	A
ap_chloroplast	-	44223	pafIeU115HY	pafIeU115HYrAfi	C	U	0.8500451671183379	pafI	115	1	CAU	UAU	H	Y	false	false	false	false	U	A
ap_chloroplast	-	44231	pafIeU107SF	pafIeU107SFrAfi	C	U	0.8460861917326298	pafI	107	2	UCU	UUU	S	F	false	false	false	false	U	U
ap_chloroplast	-	44294	pafIeU44SF	pafIeU44SFrAfi	C	U	0.9026217228464419	pafI	44	2	UCU	UUU	S	F	false	false	false	false	U	U
ap_chloroplast	-	44309	pafIeU29SF	pafIeU29SFrAfi	C	U	0.8831050228310502	pafI	29	2	UCU	UUU	S	F	false	false	false	false	U	U
ap_chloroplast	-	45477	rps4eU602SL	rps4eU602SLrAfi	C	U	0.9488077007219426	rps4	602	2	UCA	UUA	S	L	false	false	false	false	U	A
ap_chloroplast	-	45671	rps4eU408PP	rps4eU408PPrAfi	C	U	0.17376153701262007	rps4	408	3	CCC	CCU	P	P	true	false	false	false	C	A
ap_chloroplast	-	45738	rps4eU341PL	rps4eU341PLrAfi	C	U	0.9660005964807635	rps4	341	2	CCA	CUA	P	L	false	false	false	false	C	A
ap_chloroplast	-	45819	rps4eU260PL	rps4eU260PLrAfi	C	U	0.9833467325140691	rps4	260	2	CCG	CUG	P	L	false	false	false	false	C	G
ap_chloroplast	-	46077	rps4eU2TM	rps4eU2TMrAfi	C	U	0.8482296321760056	rps4	2	2	ACG	AUG	T	M	false	true	false	false	A	G
ap_chloroplast	-	48233	ndhJeU167SL	ndhJeU167SLrAfi	C	U	0.7898170402707608	ndhJ	167	2	UCA	UUA	S	L	false	false	false	false	U	A
ap_chloroplast	-	49077	ndhKeU143SF	ndhKeU143SFrAfi	C	U	0.8495103508119499	ndhK	143	2	UCU	UUU	S	F	false	false	false	false	U	U
ap_chloroplast	-	49212	ndhKeU8SL	ndhKeU8SLrAfi	C	U	0.7684933613574614	ndhK	8	2	UCA	UUA	S	L	false	false	false	false	U	A
ap_chloroplast	-	49218	ndhKeU2TM	ndhKeU2TMrAfi	C	U	0.9225434111274237	ndhK	2	2	ACG	AUG	T	M	false	true	false	false	A	G
ap_chloroplast	-	49245	ndhCeU328HY	ndhCeU328HYrAfi	C	U	0.9056935491141865	ndhC	328	1	CAU	UAU	H	Y	false	false	false	false	U	A
ap_chloroplast	-	49250	ndhCeU323SL	ndhCeU323SLrAfi	C	U	0.8985434224990839	ndhC	323	2	UCG	UUG	S	L	false	false	false	false	U	G
ap_chloroplast	-	49335	ndhCeU238HY	ndhCeU238HYrAfi	C	U	0.8191193461423253	ndhC	238	1	CAU	UAU	H	Y	false	false	false	false	C	A
ap_chloroplast	-	49373	ndhCeU200SL	ndhCeU200SLrAfi	C	U	0.9378359632391191	ndhC	200	2	UCG	UUG	S	L	false	false	false	false	U	G
ap_chloroplast	-	49491	ndhCeU82PS	ndhCeU82PSrAfi	C	U	0.9385290889132821	ndhC	82	1	CCC	UCC	P	S	false	false	false	false	U	C
ap_chloroplast	-	51260	atpEeU308SL	atpEeU308SLrAfi	C	U	0.9329392737494705	atpE	308	2	UCA	UUA	S	L	false	false	false	false	U	A
ap_chloroplast	-	51422	atpEeU146PL	atpEeU146PLrAfi	C	U	0.9665196050344735	atpE	146	2	CCG	CUG	P	L	false	false	false	false	C	G
ap_chloroplast	-	51510	atpEeC58WR	atpEeC58WRrAfi	T	C	0.988050944476245	atpE	58	1	UGG	CGG	W	R	false	false	false	false	U	G
ap_chloroplast	-	51640	atpBeU1415SF	atpBeU1415SFrAfi	C	U	0.9903057550798194	atpB	1415	2	UCU	UUU	S	F	false	false	false	false	U	U
ap_chloroplast	-	51994	atpBeU1061SL	atpBeU1061SLrAfi	C	U	0.9718438007180445	atpB	1061	2	UCA	UUA	S	L	false	false	false	false	U	A
ap_chloroplast	-	52060	atpBeU995SL	atpBeU995SLrAfi	C	U	0.9940048415159997	atpB	995	2	UCG	UUG	S	L	false	false	false	false	U	G
ap_chloroplast	-	52252	atpBeU803PL	atpBeU803PLrAfi	C	U	0.98832954208288	atpB	803	2	CCA	CUA	P	L	false	false	false	false	C	A
ap_chloroplast	-	52465	atpBeU590SF	atpBeU590SFrAfi	C	U	0.9897194491789086	atpB	590	2	UCC	UUC	S	F	false	false	false	false	U	C
ap_chloroplast	-	52958	atpBeU97LF	atpBeU97LFrAfi	C	U	0.9698506142171709	atpB	97	1	CUU	UUU	L	F	false	false	false	false	U	U
ap_chloroplast	-	52969	atpBeU86SL	atpBeU86SLrAfi	C	U	0.9831215013696766	atpB	86	2	UCG	UUG	S	L	false	false	false	false	U	G
ap_chloroplast	-	53053	atpBeU2TM	atpBeU2TMrAfi	C	U	0.923730197615548	atpB	2	2	ACG	AUG	T	M	false	true	false	false	A	G
ap_chloroplast	+	55728	accDeU2TM	accDeU2TMrAfi	C	U	0.7926421404682275	accD	2	2	ACG	AUG	T	M	false	true	false	false	A	G
ap_chloroplast	+	55896	accDeU170TM	accDeU173TMrAfi	C	U	0.8112257739743267	accD	170	2	ACG	AUG	T	M	false	false	false	false	A	G
ap_chloroplast	+	56028	accDeU302TM	accDeU305TMrAfi	C	U	0.82816	accD	302	2	ACG	AUG	T	M	false	false	false	false	A	G
ap_chloroplast	+	59219	cemAeU1148SL	cemAeU1181SLrAfi	C	U	0.8332539304430682	cemA	1148	2	UCG	UUG	S	L	false	false	false	false	U	G
ap_chloroplast	+	59261	cemAeU1190PL	cemAeU1223PLrAfi	C	U	0.6054671968190855	cemA	1190	2	CCA	CUA	P	L	false	false	false	false	C	A
ap_chloroplast	+	59266	cemAeU1195PS	cemAeU1228PSrAfi	C	U	0.794485962431832	cemA	1195	1	CCU	UCU	P	S	false	false	false	false	C	C
ap_chloroplast	+	59339	cemAeU1268PL	cemAeU1301PLrAfi	C	U	0.8424174690508941	cemA	1268	2	CCA	CUA	P	L	false	false	false	false	C	A
ap_chloroplast	+	59378	cemAeU1307SF	cemAeU1340SFrAfi	C	U	0.7599330455466479	cemA	1307	2	UCU	UUU	S	F	false	false	false	false	U	U
ap_chloroplast	+	59482	cemAeU1411RW	cemAeU1444RWrAfi	C	U	0.9037302349960689	cemA	1411	1	CGG	UGG	R	W	false	false	false	false	U	G
ap_chloroplast	+	60047	petAeC271*Q	petAeC271*QrAfi	T	C	0.8767370691817589	petA	271	1	UAG	CAG	*	Q	false	false	false	true	G	A
ap_chloroplast	-	61439	psbJeU2TM	psbJeU2TMrAfi	C	U	0.9807639283107615	psbJ	2	2	ACG	AUG	T	M	false	true	false	false	A	G
ap_chloroplast	-	61747	psbFeU83PL	psbFeU83PLrAfi	C	U	0.9782641190901178	psbF	83	2	CCA	UUA	P	L	false	false	false	false	U	A
ap_chloroplast	-	61748	psbFeU82PL	psbFeU82PLrAfi	C	U	0.07584175824175825	psbF	82	1	CCA	UUA	P	L	false	false	false	false	U	U
ap_chloroplast	-	61749	psbFeU81FF	psbFeU81FFrAfi	C	U	0.12533764572078476	psbF	81	3	UUC	UUU	F	F	true	false	false	false	U	U
ap_chloroplast	-	62039	psbEeC52*R	psbEeC52*RrAfi	T	C	0.8878062017416187	psbE	52	1	UGA	CGA	*	R	false	false	false	true	U	G
ap_chloroplast	-	62041	psbEeU50TI	psbEeU50TIrAfi	C	U	0.9924922800329607	psbE	50	2	ACU	AUU	T	I	false	false	false	false	A	U
ap_chloroplast	+	62605	petLeU2TM	petLeU2TMrAfi	C	U	0.7537045352492142	petL	2	2	ACG	AUG	T	M	false	true	false	false	A	G
ap_chloroplast	+	62677	petLeU74SL	petLeU74SLrAfi	C	U	0.6520552259961153	petL	74	2	UCG	UUG	S	L	false	false	false	false	U	G
ap_chloroplast	+	62695	petLeU92PL	petLeU92PLrAfi	C	U	0.9775504661899158	petL	92	2	CCG	CUG	P	L	false	false	false	false	C	G
ap_chloroplast	+	62878	petGeU38SL	petGeU38SLrAfi	C	U	0.9105429522504126	petG	38	2	UCG	UUG	S	L	false	false	false	false	U	G
ap_chloroplast	+	62902	petGeU62SL	petGeU62SLrAfi	C	U	0.9331746117634327	petG	62	2	UCA	UUA	S	L	false	false	false	false	U	A
ap_chloroplast	+	62920	petGeU80SL	petGeU80SLrAfi	C	U	0.9745033112582782	petG	80	2	UCA	UUA	S	L	false	false	false	false	U	A
ap_chloroplast	+	63889	psaJeU77SL	psaJeU77SLrAfi	C	U	0.9801784237268109	psaJ	77	2	UCG	UUG	S	L	false	false	false	false	U	G
ap_chloroplast	+	64196	rpl33eU38SL	rpl33eU38SLrAfi	C	U	0.9404542388126828	rpl33	38	2	UCG	UUG	S	L	false	false	false	false	U	G
ap_chloroplast	+	64301	rpl33eU143SL	rpl33eU143SLrAfi	C	U	0.9094182145487276	rpl33	143	2	UCA	UUA	S	L	false	false	false	false	U	A
ap_chloroplast	-	64769	rpl20eU327II	rpl20eU327IIrAfi	C	U	0.06342072409488139	rpl20	327	3	AUC	AUU	I	I	true	false	false	false	U	G
ap_chloroplast	-	64794	rpl20eU302PL	rpl20eU302PLrAfi	C	U	0.91455631047972	rpl20	302	2	CCA	CUA	P	L	false	false	false	false	C	A
ap_chloroplast	-	64822	rpl20eC274CR	rpl20eC274CRrAfi	T	C	0.84214603912454	rpl20	274	1	UGC	CGC	C	R	false	false	false	false	U	G
ap_chloroplast	-	64827	rpl20eU269SL	rpl20eU269SLrAfi	C	U	0.8958614051973051	rpl20	269	2	UCG	UUG	S	L	false	false	false	false	U	G
ap_chloroplast	-	65072	rpl20eU24SS	rpl20eU24SSrAfi	C	U	0.7877213695395514	rpl20	24	3	UCC	UCU	S	S	true	false	false	false	C	G
ap_chloroplast	-	65094	rpl20eU2TM	rpl20eU2TMrAfi	C	U	0.8471715328467153	rpl20	2	2	ACG	AUG	T	M	false	true	false	false	A	G
ap_chloroplast	-	66602	clpP1eU569AV	clpP1eU566AVrAfi	C	U	0.8726145038167938	clpP1	569	2	GCG	GUG	A	V	false	false	false	false	G	G
ap_chloroplast	-	67437	clpP1eU315SF	clpP1eU312SFrAfi	C	U	0.8406579916523447	clpP1	315	3	UCC	UUU	S	F	false	false	false	false	U	A
ap_chloroplast	-	67438	clpP1eU314SF	clpP1eU311SFrAfi	C	U	0.8411445485939812	clpP1	314	2	UCC	UUU	S	F	false	false	false	false	U	U
ap_chloroplast	-	67501	clpP1eU251TM	clpP1eU248TMrAfi	C	U	0.9220751942869145	clpP1	251	2	ACG	AUG	T	M	false	false	false	false	A	G
ap_chloroplast	-	67670	clpP1eU82HY	clpP1eU79HYrAfi	C	U	0.7412204951065055	clpP1	82	1	CAU	UAU	H	Y	false	false	false	false	U	A
ap_chloroplast	-	68032	clpP1eU461		C	U	0.7809671580036204		461	0	---	---	-	-		false	false	false	A	A
ap_chloroplast	-	68340	clpP1eU153		C	U	0.08281701776125568		153	0	---	---	-	-		false	false	false	U	G
ap_chloroplast	+	69015	psbBeU2TM	psbBeU2TMrAfi	C	U	0.9749773525707595	psbB	2	2	ACG	AUG	T	M	false	true	false	false	A	G
ap_chloroplast	-	71021	pbf1eU61HY	pbf1eU61HYrAfi	C	U	0.8015616585891222	pbf1	61	1	CAC	UAC	H	Y	false	false	false	false	U	A
ap_chloroplast	-	71050	pbf1eU32TI	pbf1eU32TIrAfi	C	U	0.7860827116146265	pbf1	32	2	ACA	AUA	T	I	false	false	false	false	A	A
ap_chloroplast	-	71065	pbf1eU17SL	pbf1eU17SLrAfi	C	U	0.8781112217323283	pbf1	17	2	UCA	UUA	S	L	false	false	false	false	U	A
ap_chloroplast	-	71080	pbf1eU2TM	pbf1eU2TMrAfi	C	U	0.670628768303187	pbf1	2	2	ACG	AUG	T	M	false	true	false	false	A	G
ap_chloroplast	+	72492	petBeU127RC	petBeU127RCrAfi	C	U	0.983929327380049	petB	127	1	CGC	UGC	R	C	false	false	false	false	U	G
ap_chloroplast	+	72499	petBeU134SL	petBeU134SLrAfi	C	U	0.989295195011231	petB	134	2	UCG	UUG	S	L	false	false	false	false	U	G
ap_chloroplast	+	72526	petBeU161TM	petBeU161TMrAfi	C	U	0.977417238200878	petB	161	2	ACG	AUG	T	M	false	false	false	false	A	G
ap_chloroplast	+	72532	petBeU167SF	petBeU167SFrAfi	C	U	0.9856230522421283	petB	167	2	UCU	UUU	S	F	false	false	false	false	U	U
ap_chloroplast	+	72649	petBeU284PL	petBeU284PLrAfi	C	U	0.985104967474867	petB	284	2	CCA	CUA	P	L	false	false	false	false	C	A
ap_chloroplast	+	72661	petBeU296PL	petBeU296PLrAfi	C	U	0.9817256280670915	petB	296	2	CCG	CUG	P	L	false	false	false	false	C	G
ap_chloroplast	+	72670	petBeU305SF	petBeU305SFrAfi	C	U	0.9780372689494369	petB	305	2	UCU	UUU	S	F	false	false	false	false	U	U
ap_chloroplast	+	72683	petBeU318LL	petBeU318LLrAfi	C	U	0.06811030405252229	petB	318	3	CUC	CUU	L	L	true	false	false	false	U	A
ap_chloroplast	+	72778	petBeU413SL	petBeU413SLrAfi	C	U	0.9844680966309176	petB	413	2	UCG	UUG	S	L	false	false	false	false	U	G
ap_chloroplast	+	72859	petBeU494SL	petBeU494SLrAfi	C	U	0.9884474687837042	petB	494	2	UCA	UUA	S	L	false	false	false	false	U	A
ap_chloroplast	+	72868	petBeU503SL	petBeU503SLrAfi	C	U	0.9822789219314669	petB	503	2	UCA	UUA	S	L	false	false	false	false	U	A
ap_chloroplast	+	72871	petBeU506SL	petBeU506SLrAfi	C	U	0.9830900941091496	petB	506	2	UCA	UUA	S	L	false	false	false	false	U	A
ap_chloroplast	+	72958	petBeU593SF	petBeU593SFrAfi	C	U	0.9843175545747108	petB	593	2	UCU	UUU	S	F	false	false	false	false	U	U
ap_chloroplast	+	72964	petBeU599PL	petBeU599PLrAfi	C	U	0.9871773651773457	petB	599	2	CCA	CUA	P	L	false	false	false	false	C	A
ap_chloroplast	+	72967	petBeU602TM	petBeU602TMrAfi	C	U	0.9845533655057465	petB	602	2	ACG	AUG	T	M	false	false	false	false	A	G
ap_chloroplast	+	74031	petDeU112HY	petDeU112HYrAfi	C	U	0.9868681927028349	petD	112	1	CAU	UAU	H	Y	false	false	false	false	A	A
ap_chloroplast	+	74035	petDeU116TI	petDeU116TIrAfi	C	U	0.9897522685330862	petD	116	2	ACA	AUA	T	I	false	false	false	false	A	A
ap_chloroplast	+	74072	petDeU153TT	petDeU153TTrAfi	C	U	0.08474099099099099	petD	153	3	ACC	ACU	T	T	true	false	false	false	C	G
ap_chloroplast	+	74146	petDeU227SL	petDeU227SLrAfi	C	U	0.9919622218590207	petD	227	2	UCA	UUA	S	L	false	false	false	false	U	A
ap_chloroplast	+	74400	petDeU481Q*	petDeU481Q*rAfi	C	U	0.9685980712520922	petD	481	1	CAA	UAA	Q	*	false	false	true	false	U	A
ap_chloroplast	-	74778	rpoAeU944SL	rpoAeU962SLrAfi	C	U	0.8237596086652691	rpoA	944	2	UCG	UUG	S	L	false	false	false	false	U	G
ap_chloroplast	-	74814	rpoAeU908SF	rpoAeU926SFrAfi	C	U	0.7175910731867411	rpoA	908	2	UCU	UUU	S	F	false	false	false	false	U	U
ap_chloroplast	-	74913	rpoAeU809SL	rpoAeU827SLrAfi	C	U	0.9682659614658103	rpoA	809	2	UCG	UUG	S	L	false	false	false	false	U	G
ap_chloroplast	-	75144	rpoAeU578SL	rpoAeU596SLrAfi	C	U	0.9697783747481531	rpoA	578	2	UCA	UUA	S	L	false	false	false	false	U	A
ap_chloroplast	-	75459	rpoAeU263TI	rpoAeU281TIrAfi	C	U	0.8937759336099586	rpoA	263	2	ACU	AUU	T	I	false	false	false	false	A	U
ap_chloroplast	-	75499	rpoAeC223*Q	rpoAeC241*QrAfi	T	C	0.5248745819397993	rpoA	223	1	UAA	CAA	*	Q	false	false	false	true	U	A
ap_chloroplast	-	75540	rpoAeU182SF	rpoAeU200SFrAfi	C	U	0.9642411642411642	rpoA	182	2	UCU	UUU	S	F	false	false	false	false	U	U
ap_chloroplast	-	75582	rpoAeU140SL	rpoAeU158SLrAfi	C	U	0.9320675105485232	rpoA	140	2	UCG	UUG	S	L	false	false	false	false	U	G
ap_chloroplast	-	75655	rpoAeU67HY	rpoAeU85HYrAfi	C	U	0.9402867805932037	rpoA	67	1	CAC	UAC	H	Y	false	false	false	false	U	A
ap_chloroplast	-	75898	rps11eU281TM	rps11eU281TMrAfi	C	U	0.9758620689655172	rps11	281	2	ACG	AUG	T	M	false	false	false	false	A	G
ap_chloroplast	-	76025	rps11eU154RW	rps11eU154RWrAfi	C	U	0.9279826464208243	rps11	154	1	CGG	UGG	R	W	false	false	false	false	U	G
ap_chloroplast	-	76037	rps11eC142*Q	rps11eC142*QrAfi	T	C	0.8273148148148148	rps11	142	1	UAA	CAA	*	Q	false	false	false	true	A	A
ap_chloroplast	-	76063	rps11eU116TI	rps11eU116TIrAfi	C	U	0.9644500209117524	rps11	116	2	ACU	AUU	T	I	false	false	false	false	A	U
ap_chloroplast	-	76364	rpl36eU2TM	rpl36eU2TMrAfi	C	U	0.710124826629681	rpl36	2	2	ACG	AUG	T	M	false	true	false	false	A	G
ap_chloroplast	-	76541	infAeU203TI	infAeU203TIrAfi	C	U	0.5994263862332696	infA	203	2	ACC	AUC	T	I	false	false	false	false	A	C
ap_chloroplast	-	76545	infAeC199CR	infAeC199CRrAfi	T	C	0.641885766092475	infA	199	1	UGU	CGU	C	R	false	false	false	false	A	G
ap_chloroplast	-	76620	infAeC124*R	infAeC124*RrAfi	T	C	0.5112452002194185	infA	124	1	UGA	CGA	*	R	false	false	false	true	C	G
ap_chloroplast	-	76643	infAeU101SL	infAeU101SLrAfi	C	U	0.8606158833063209	infA	101	2	UCG	UUG	S	L	false	false	false	false	U	G
ap_chloroplast	-	76664	infAeU80SL	infAeU80SLrAfi	C	U	0.8353131749460043	infA	80	2	UCA	UUA	S	L	false	false	false	false	U	A
ap_chloroplast	-	76742	infAeU2TM	infAeU2TMrAfi	C	U	0.6800465386852821	infA	2	2	ACG	AUG	T	M	false	true	false	false	A	G
ap_chloroplast	-	77085	rps8eC196*Q	rps8eC196*QrAfi	T	C	0.9148809523809524	rps8	196	1	UAG	CAG	*	Q	false	false	false	true	U	A
ap_chloroplast	-	77166	rps8eU115LL	rps8eU115LLrAfi	C	U	0.38386901152213465	rps8	115	1	CUA	UUA	L	L	true	false	false	false	U	U
ap_chloroplast	-	77168	rps8eU113TI	rps8eU113TIrAfi	C	U	0.9620253164556962	rps8	113	2	ACU	AUU	T	I	false	false	false	false	A	U
ap_chloroplast	-	77458	rpl14eU350PL	rpl14eU350PLrAfi	C	U	0.9547778214707039	rpl14	350	2	CCA	CUA	P	L	false	false	false	false	C	A
ap_chloroplast	-	77476	rpl14eU332SF	rpl14eU332SFrAfi	C	U	0.8382729601170874	rpl14	332	2	UCU	UUU	S	F	false	false	false	false	U	U
ap_chloroplast	-	78158	rpl16eU317SL	rpl16eU317SLrAfi	C	U	0.9870894677236693	rpl16	317	2	UCA	UUA	S	L	false	false	false	false	U	A
ap_chloroplast	-	79625	rps3eU452SL	rps3eU452SLrAfi	C	U	0.8701574187786089	rps3	452	2	UCG	UUG	S	L	false	false	false	false	U	G
ap_chloroplast	-	79865	rps3eU212PL	rps3eU212PLrAfi	C	U	0.9872453835903293	rps3	212	2	CCU	CUU	P	L	false	false	false	false	C	U
ap_chloroplast	-	80013	rps3eU64RW	rps3eU64RWrAfi	C	U	0.9796180683070144	rps3	64	1	CGG	UGG	R	W	false	false	false	false	U	G
ap_chloroplast	-	80075	rps3eU2TM	rps3eU2TMrAfi	C	U	0.9265108443882922	rps3	2	2	ACG	AUG	T	M	false	true	false	false	A	G
ap_chloroplast	-	82446	rpl2eC10*R	rpl2eC10*RrAfi	T	C	0.7654467680608364	rpl2	10	1	UGA	CGA	*	R	false	false	false	true	A	G
ap_chloroplast	+	93481	rps12BeU229PS	rps12BeU229PSrAfi	C	U	0.9189338641893386	rps12B	229	1	CCU	UCU	P	S	false	false	false	false	U	C
ap_chloroplast	+	93813	rps12BeU561		C	U	0.9459659511472983		561	0	---	---	-	-		false	false	false	C	A
ap_chloroplast	+	93836	rps12BeU584		C	U	0.6450387719575882		584	0	---	---	-	-		false	false	false	A	U
ap_chloroplast	+	94040	rps12BeU788		C	U	0.7436386768447837		788	0	---	---	-	-		false	false	false	U	G
ap_chloroplast	+	94186	rps7eU23AV	rps7eU23AVrAfi	C	U	0.844683485528556	rps7	23	2	GCG	GUG	A	V	false	false	false	false	G	G
ap_chloroplast	+	94261	rps7eU98PL	rps7eU98PLrAfi	C	U	0.87674273427204	rps7	98	2	CCU	CUU	P	L	false	false	false	false	C	U
ap_chloroplast	+	94297	rps7eU134PL	rps7eU134PLrAfi	C	U	0.9334606433132422	rps7	134	2	CCU	CUU	P	L	false	false	false	false	C	U
ap_chloroplast	+	94323	rps7eC160*Q	rps7eC160*QrAfi	T	C	0.8179181260945709	rps7	160	1	UAA	CAA	*	Q	false	false	false	true	A	A
ap_chloroplast	+	94483	rps7eU320SL	rps7eU320SLrAfi	C	U	0.9408125312924683	rps7	320	2	UCG	UUG	S	L	false	false	false	false	U	G
ap_chloroplast	+	94487	rps7eU324II	rps7eU324IIrAfi	C	U	0.1353751033466336	rps7	324	3	AUC	AUU	I	I	true	false	false	false	U	G
ap_chloroplast	+	94540	rps7eU377SL	rps7eU377SLrAfi	C	U	0.9628875311156371	rps7	377	2	UCG	UUG	S	L	false	false	false	false	U	G
ap_chloroplast	+	97394	ycf2eC172*R	ycf2eC172*RrAfi	T	C	0.5054945054945055	ycf2	172	1	UGA	CGA	*	R	false	false	false	true	A	G
ap_chloroplast	+	98517	ycf2eU1295TI	ycf2eU1256TIrAfi	C	U	0.8301329394387001	ycf2	1295	2	ACU	AUU	T	I	false	false	false	false	A	U
ap_chloroplast	+	99228	ycf2eU2006SL	ycf2eU1967SLrAfi	C	U	0.7956909361069836	ycf2	2006	2	UCG	UUG	S	L	false	false	false	false	U	G
ap_chloroplast	+	100479	ycf2eU3257AV	ycf2eU3215AVrAfi	C	U	0.9548989113530326	ycf2	3257	2	GCA	GUA	A	V	false	false	false	false	G	A
ap_chloroplast	+	100521	ycf2eU3299SF	ycf2eU3257SFrAfi	C	U	0.9541984732824428	ycf2	3299	2	UCC	UUU	S	F	false	false	false	false	U	U
ap_chloroplast	+	100522	ycf2eU3300SF	ycf2eU3258SFrAfi	C	U	0.15208503679476695	ycf2	3300	3	UCC	UUU	S	F	false	false	false	false	U	U
ap_chloroplast	+	100587	ycf2eU3365SL	ycf2eU3323SLrAfi	C	U	0.9098143236074271	ycf2	3365	2	UCA	UUA	S	L	false	false	false	false	U	A
ap_chloroplast	+	100665	ycf2eU3443SL	ycf2eU3401SLrAfi	C	U	0.973397823458283	ycf2	3443	2	UCG	UUG	S	L	false	false	false	false	U	G
ap_chloroplast	+	101099	ycf2eU3877PL	ycf2eU3835PLrAfi	C	U	0.234640522875817	ycf2	3877	1	CCG	UUG	P	L	false	false	false	false	U	U
ap_chloroplast	+	101100	ycf2eU3878PL	ycf2eU3836PLrAfi	C	U	0.9721322099805574	ycf2	3878	2	CCG	UUG	P	L	false	false	false	false	U	G
ap_chloroplast	+	101493	ycf2eU4271PL	ycf2eU4229PLrAfi	C	U	0.9808450704225352	ycf2	4271	2	CCG	CUG	P	L	false	false	false	false	C	G
ap_chloroplast	+	101511	ycf2eU4289PL	ycf2eU4247PLrAfi	C	U	0.9713182570325427	ycf2	4289	2	CCA	CUA	P	L	false	false	false	false	C	A
ap_chloroplast	+	101673	ycf2eU4451SF	ycf2eU4409SFrAfi	C	U	0.95141065830721	ycf2	4451	2	UCU	UUU	S	F	false	false	false	false	U	U
ap_chloroplast	+	101748	ycf2eU4526SL	ycf2eU4484SLrAfi	C	U	0.8515981735159818	ycf2	4526	2	UCA	UUA	S	L	false	false	false	false	U	A
ap_chloroplast	+	101904	ycf2eU4682SL	ycf2eU4640SLrAfi	C	U	0.9331602855288773	ycf2	4682	2	UCA	UUA	S	L	false	false	false	false	U	A
ap_chloroplast	+	101921	ycf2eU4699HY	ycf2eU4657HYrAfi	C	U	0.833578792341679	ycf2	4699	1	CAU	UAU	H	Y	false	false	false	false	C	A
ap_chloroplast	+	102995	ycf2eC5773*Q	ycf2eC5731*QrAfi	T	C	0.9615579160343956	ycf2	5773	1	UAG	CAG	*	Q	false	false	false	true	U	A
ap_chloroplast	+	103013	ycf2eU5791PL	ycf2eU5749PLrAfi	C	U	0.2764589515331355	ycf2	5791	1	CCG	UUG	P	L	false	false	false	false	U	U
ap_chloroplast	+	103014	ycf2eU5792PL	ycf2eU5750PLrAfi	C	U	0.963220675944334	ycf2	5792	2	CCG	UUG	P	L	false	false	false	false	U	G
ap_chloroplast	+	104184	chlLeU2TM	chlLeU2TMrAfi	C	U	0.9509671933678169	chlL	2	2	ACG	AUG	T	M	false	true	false	false	A	G
ap_chloroplast	+	104498	chlLeU316PL	chlLeU316PLrAfi	C	U	0.44472138152038454	chlL	316	1	CCA	UUA	P	L	false	false	false	false	A	U
ap_chloroplast	+	104499	chlLeU317PL	chlLeU317PLrAfi	C	U	0.9868526250333126	chlL	317	2	CCA	UUA	P	L	false	false	false	false	U	A
ap_chloroplast	+	104589	chlLeU407SL	chlLeU407SLrAfi	C	U	0.9899601155274378	chlL	407	2	UCG	UUG	S	L	false	false	false	false	U	G
ap_chloroplast	+	104613	chlLeU431TI	chlLeU431TIrAfi	C	U	0.982276458197138	chlL	431	2	ACA	AUA	T	I	false	false	false	false	A	A
ap_chloroplast	+	104867	chlLeU685LL	chlLeU685LLrAfi	C	U	0.28685386088066367	chlL	685	1	CUG	UUG	L	L	true	false	false	false	U	U
ap_chloroplast	+	105171	chlNeU39TT	chlNeU39TTrAfi	C	U	0.9390335409319427	chlN	39	3	ACC	ACU	T	T	true	false	false	false	C	G
ap_chloroplast	+	105217	chlNeU85HY	chlNeU85HYrAfi	C	U	0.9750425186884468	chlN	85	1	CAU	UAU	H	Y	false	false	false	false	A	A
ap_chloroplast	+	105245	chlNeU113SL	chlNeU113SLrAfi	C	U	0.936609584112822	chlN	113	2	UCA	UUA	S	L	false	false	false	false	U	A
ap_chloroplast	+	105326	chlNeU194TM	chlNeU194TMrAfi	C	U	0.9746854182087342	chlN	194	2	ACG	AUG	T	M	false	false	false	false	A	G
ap_chloroplast	+	105704	chlNeU572SL	chlNeU572SLrAfi	C	U	0.9669128685522128	chlN	572	2	UCA	UUA	S	L	false	false	false	false	U	A
ap_chloroplast	+	106187	chlNeU1055SL	chlNeU1055SLrAfi	C	U	0.9692839506172839	chlN	1055	2	UCG	UUG	S	L	false	false	false	false	U	G
ap_chloroplast	+	106809	ycf1eU2TM	ycf1eU2TMrAfi	C	U	0.22009569377990432	ycf1	2	2	ACG	AUG	T	M	false	true	false	false	A	G
ap_chloroplast	+	107768	ycf1eC961*Q	ycf1eC958*QrAfi	T	C	0.4030327214684757	ycf1	961	1	UAA	CAA	*	Q	false	false	false	true	U	A
ap_chloroplast	+	109818	ycf1eU3011TI	ycf1eU3083TIrAfi	C	U	0.13210039630118892	ycf1	3011	2	ACU	AUU	T	I	false	false	false	false	A	U
ap_chloroplast	+	111774	ycf1eU4967SF	ycf1eU4673SFrAfi	C	U	0.9237199582027168	ycf1	4967	2	UCU	UUU	S	F	false	false	false	false	U	U
ap_chloroplast	+	112448	ycf1eC5641YH	ycf1eC5332YHrAfi	T	C	0.6839276115391507	ycf1	5641	1	UAU	CAU	Y	H	false	false	false	false	U	A
ap_chloroplast	+	113155	ndhHeU2TM	ndhHeU2TMrAfi	C	U	0.5781346510191476	ndhH	2	2	ACG	AUG	T	M	false	true	false	false	A	G
ap_chloroplast	+	113998	ndhHeU845PL	ndhHeU845PLrAfi	C	U	0.8702728578267114	ndhH	845	2	CCU	CUU	P	L	false	false	false	false	C	U
ap_chloroplast	+	114176	ndhHeU1023FF	ndhHeU1023FFrAfi	C	U	0.4282238442822384	ndhH	1023	3	UUC	UUU	F	F	true	false	false	false	U	U
ap_chloroplast	+	114178	ndhHeU1025SL	ndhHeU1025SLrAfi	C	U	0.8478787878787879	ndhH	1025	2	UCA	UUA	S	L	false	false	false	false	U	A
ap_chloroplast	+	114235	ndhHeU1082TI	ndhHeU1082TIrAfi	C	U	0.7102167182662539	ndhH	1082	2	ACA	AUA	T	I	false	false	false	false	A	A
ap_chloroplast	+	114252	ndhHeC1099SP	ndhHeC1099SPrAfi	T	C	0.6101808439383791	ndhH	1099	1	UCC	CCC	S	P	false	false	false	false	A	C
ap_chloroplast	+	114298	ndhHeU1145SL	ndhHeU1145SLrAfi	C	U	0.9050493962678375	ndhH	1145	2	UCA	UUA	S	L	false	false	false	false	U	A
ap_chloroplast	+	114336	ndhHeU1183Q*	ndhHeU1183Q*rAfi	C	U	0.8144690781796966	ndhH	1183	1	CAA	UAA	Q	*	false	false	true	false	U	A
ap_chloroplast	+	114341	ndhAeU2TM	ndhAeU2TMrAfi	C	U	0.44646235338630347	ndhA	2	2	ACG	AUG	T	M	false	true	false	false	A	G
ap_chloroplast	+	114673	ndhAeU334RC	ndhAeU334RCrAfi	C	U	0.8488997555012225	ndhA	334	1	CGU	UGU	R	C	false	false	false	false	U	G
ap_chloroplast	+	114716	ndhAeU377PL	ndhAeU377PLrAfi	C	U	0.847196261682243	ndhA	377	2	CCG	CUG	P	L	false	false	false	false	C	G
ap_chloroplast	+	114731	ndhAeU392SF	ndhAeU392SFrAfi	C	U	0.7701446280991735	ndhA	392	2	UCU	UUU	S	F	false	false	false	false	U	U
ap_chloroplast	+	114812	ndhAeU473PL	ndhAeU473PLrAfi	C	U	0.8168462291870715	ndhA	473	2	CCG	CUG	P	L	false	false	false	false	C	G
ap_chloroplast	+	115900	ndhAeU573VV	ndhAeU573VVrAfi	C	U	0.0814006366530241	ndhA	573	3	GUC	GUU	V	V	true	false	false	false	U	G
ap_chloroplast	+	116109	ndhAeU782PL	ndhAeU782PLrAfi	C	U	0.8428047662694775	ndhA	782	2	CCG	CUG	P	L	false	false	false	false	C	G
ap_chloroplast	+	116130	ndhAeU803SL	ndhAeU803SLrAfi	C	U	0.8971354166666666	ndhA	803	2	UCA	UUA	S	L	false	false	false	false	U	A
ap_chloroplast	+	116346	ndhAeU1019SL	ndhAeU1019SLrAfi	C	U	0.8308943089430895	ndhA	1019	2	UCA	UUA	S	L	false	false	false	false	U	A
ap_chloroplast	+	116400	ndhAeU1073PL	ndhAeU1073PLrAfi	C	U	0.7338444687842278	ndhA	1073	2	CCG	CUG	P	L	false	false	false	false	C	G
ap_chloroplast	+	116632	ndhIeU0		C	U	0.3698630136986301		0	0	---	---	-	-		false	false	false	A	A
ap_chloroplast	+	116634	ndhIeU2TM	ndhIeU2TMrAfi	C	U	0.35177453027139877	ndhI	2	2	ACG	AUG	T	M	false	true	false	false	A	G
ap_chloroplast	+	116663	ndhIeU31HY	ndhIeU31HYrAfi	C	U	0.959114139693356	ndhI	31	1	CAU	UAU	H	Y	false	false	false	false	U	A
ap_chloroplast	+	116730	ndhIeU98SL	ndhIeU98SLrAfi	C	U	0.9686411149825784	ndhI	98	2	UCG	UUG	S	L	false	false	false	false	U	G
ap_chloroplast	+	116840	ndhIeU208RC	ndhIeU208RCrAfi	C	U	0.9539603960396039	ndhI	208	1	CGU	UGU	R	C	false	false	false	false	C	G
ap_chloroplast	+	116960	ndhIeU328RC	ndhIeU328RCrAfi	C	U	0.9230769230769231	ndhI	328	1	CGU	UGU	R	C	false	false	false	false	U	G
ap_chloroplast	+	117057	ndhIeU425SL	ndhIeU425SLrAfi	C	U	0.9652802893309222	ndhI	425	2	UCG	UUG	S	L	false	false	false	false	U	G
ap_chloroplast	+	117315	ndhGeU38TI	ndhGeU38TIrAfi	C	U	0.5124083474337281	ndhG	38	2	ACA	AUA	T	I	false	false	false	false	A	A
ap_chloroplast	+	117423	ndhGeU146SL	ndhGeU146SLrAfi	C	U	0.8443579766536965	ndhG	146	2	UCA	UUA	S	L	false	false	false	false	U	A
ap_chloroplast	+	117447	ndhGeU170SF	ndhGeU170SFrAfi	C	U	0.8707991038088125	ndhG	170	2	UCU	UUU	S	F	false	false	false	false	U	U
ap_chloroplast	+	117504	ndhGeU227SF	ndhGeU227SFrAfi	C	U	0.9264873057976506	ndhG	227	2	UCU	UUU	S	F	false	false	false	false	U	U
ap_chloroplast	+	117600	ndhGeU323SF	ndhGeU317SFrAfi	C	U	0.9460445718754072	ndhG	323	2	UCU	UUU	S	F	false	false	false	false	U	U
ap_chloroplast	+	117693	ndhGeU416SL	ndhGeU410SLrAfi	C	U	0.7417238294065016	ndhG	416	2	UCA	UUA	S	L	false	false	false	false	U	A
ap_chloroplast	+	117756	ndhGeU479SL	ndhGeU473SLrAfi	C	U	0.8753847907878235	ndhG	479	2	UCG	UUG	S	L	false	false	false	false	U	G
ap_chloroplast	+	118028	ndhEeU35PL	ndhEeU35PLrAfi	C	U	0.8633280127693536	ndhE	35	2	CCU	CUU	P	L	false	false	false	false	C	U
ap_chloroplast	+	118030	ndhEeU37HY	ndhEeU37HYrAfi	C	U	0.8668381480015829	ndhE	37	1	CAU	UAU	H	Y	false	false	false	false	U	A
ap_chloroplast	+	118070	ndhEeU77TM	ndhEeU77TMrAfi	C	U	0.950916730328495	ndhE	77	2	ACG	AUG	T	M	false	false	false	false	A	G
ap_chloroplast	+	118097	ndhEeU104SL	ndhEeU104SLrAfi	C	U	0.814375	ndhE	104	2	UCA	UUA	S	L	false	false	false	false	U	A
ap_chloroplast	+	118248	ndhEeU255LL	ndhEeU252LLrAfi	C	U	0.07503387533875339	ndhE	255	3	CUC	CUU	L	L	true	false	false	false	U	G
ap_chloroplast	+	119142	ndhDeU105YY	ndhDeU108YYrAfi	C	U	0.7704253882511817	ndhD	105	3	UAC	UAU	Y	Y	true	false	false	false	A	A
ap_chloroplast	+	119144	ndhDeU107TI	ndhDeU110TIrAfi	C	U	0.08153603366649131	ndhD	107	2	ACC	AUU	T	I	false	false	false	false	A	U
ap_chloroplast	+	119145	ndhDeU108TI	ndhDeU111TIrAfi	C	U	0.8265373016913596	ndhD	108	3	ACC	AUU	T	I	false	false	false	false	U	U
ap_chloroplast	+	119146	ndhDeU109PL	ndhDeU112PLrAfi	C	U	0.8237442922374429	ndhD	109	1	CCG	UUG	P	L	false	false	false	false	U	U
ap_chloroplast	+	119147	ndhDeU110PL	ndhDeU113PLrAfi	C	U	0.8560341482343811	ndhD	110	2	CCG	UUG	P	L	false	false	false	false	U	G
ap_chloroplast	+	119155	ndhDeU118RC	ndhDeU121RCrAfi	C	U	0.6751479289940828	ndhD	118	1	CGU	UGU	R	C	false	false	false	false	C	G
ap_chloroplast	+	119182	ndhDeU145HY	ndhDeU148HYrAfi	C	U	0.25811810904697174	ndhD	145	1	CAU	UAU	H	Y	false	false	false	false	U	A
ap_chloroplast	+	119191	ndhDeU154HY	ndhDeU157HYrAfi	C	U	0.8463792381749686	ndhD	154	1	CAU	UAU	H	Y	false	false	false	false	U	A
ap_chloroplast	+	119220	ndhDeU183VV	ndhDeU186VVrAfi	C	U	0.07580580978909669	ndhD	183	3	GUC	GUU	V	V	true	false	false	false	U	G
ap_chloroplast	+	119276	ndhDeU239SL	ndhDeU242SLrAfi	C	U	0.9536034642746675	ndhD	239	2	UCA	UUA	S	L	false	false	false	false	U	A
ap_chloroplast	+	119332	ndhDeU295PL	ndhDeU298PLrAfi	C	U	0.4817001180637544	ndhD	295	1	CCG	UUG	P	L	false	false	false	false	U	U
ap_chloroplast	+	119333	ndhDeU296PL	ndhDeU299PLrAfi	C	U	0.9689531185174941	ndhD	296	2	CCG	UUG	P	L	false	false	false	false	U	G
ap_chloroplast	+	119519	ndhDeU482PL	ndhDeU485PLrAfi	C	U	0.949995947807764	ndhD	482	2	CCA	CUA	P	L	false	false	false	false	C	A
ap_chloroplast	+	120230	ndhDeU1193SL	ndhDeU1196SLrAfi	C	U	0.9661684782608696	ndhD	1193	2	UCA	UUA	S	L	false	false	false	false	U	A
ap_chloroplast	+	120242	ndhDeU1205PL	ndhDeU1208PLrAfi	C	U	0.9543565727854363	ndhD	1205	2	CCG	CUG	P	L	false	false	false	false	C	G
ap_chloroplast	-	120745	ccsAeU904RC	ccsAeU910RCrAfi	C	U	0.7918211748397158	ccsA	904	1	CGC	UGC	R	C	false	false	false	false	U	G
ap_chloroplast	-	120751	ccsAeU898RW	ccsAeU904RWrAfi	C	U	0.8969792994179038	ccsA	898	1	CGG	UGG	R	W	false	false	false	false	U	G
ap_chloroplast	-	120767	ccsAeU882II	ccsAeU888IIrAfi	C	U	0.11018189420865565	ccsA	882	3	AUC	AUU	I	I	true	false	false	false	U	G
ap_chloroplast	-	120838	ccsAeU811HY	ccsAeU817HYrAfi	C	U	0.8226361031518624	ccsA	811	1	CAU	UAU	H	Y	false	false	false	false	A	A
ap_chloroplast	-	120942	ccsAeU707SL	ccsAeU713SLrAfi	C	U	0.35096450068723634	ccsA	707	2	UCA	UUA	S	L	false	false	false	false	U	A
ap_chloroplast	-	121170	ccsAeU479SL	ccsAeU479SLrAfi	C	U	0.836964795432921	ccsA	479	2	UCA	UUA	S	L	false	false	false	false	U	A
ap_chloroplast	-	121200	ccsAeU449SL	ccsAeU449SLrAfi	C	U	0.9135332118601954	ccsA	449	2	UCA	UUA	S	L	false	false	false	false	U	A
ap_chloroplast	-	121203	ccsAeU446PL	ccsAeU446PLrAfi	C	U	0.8168731058110423	ccsA	446	2	CCU	CUU	P	L	false	false	false	false	C	U
ap_chloroplast	-	121218	ccsAeU431PL	ccsAeU431PLrAfi	C	U	0.8833720030935808	ccsA	431	2	CCG	CUG	P	L	false	false	false	false	C	G
ap_chloroplast	-	121224	ccsAeU425TM	ccsAeU425TMrAfi	C	U	0.9122807017543859	ccsA	425	2	ACG	AUG	T	M	false	false	false	false	A	G
ap_chloroplast	-	121440	ccsAeU209PL	ccsAeU209PLrAfi	C	U	0.8752140770341515	ccsA	209	2	CCG	CUG	P	L	false	false	false	false	C	G
ap_chloroplast	-	121506	ccsAeU143SF	ccsAeU143SFrAfi	C	U	0.7471747556914342	ccsA	143	2	UCU	UUU	S	F	false	false	false	false	U	U
ap_chloroplast	-	121581	ccsAeU68SL	ccsAeU68SLrAfi	C	U	0.5301671475733708	ccsA	68	2	UCA	UUA	S	L	false	false	false	false	U	A
ap_chloroplast	-	121637	ccsAeU12II	ccsAeU12IIrAfi	C	U	0.0609853189388873	ccsA	12	3	AUC	AUU	I	I	true	false	false	false	U	G
ap_chloroplast	-	121647	ccsAeU2TM	ccsAeU2TMrAfi	C	U	0.7013556750338095	ccsA	2	2	ACG	AUG	T	M	false	true	false	false	A	G
ap_chloroplast	-	122621	rpl32eU101SL	rpl32eU101SLrAfi	C	U	0.8345887090759937	rpl32	101	2	UCA	UUA	S	L	false	false	false	false	U	A
ap_chloroplast	+	123754	ndhFeU229RW	ndhFeU229RWrAfi	C	U	0.956343792633015	ndhF	229	1	CGG	UGG	R	W	false	false	false	false	C	G
ap_chloroplast	+	123859	ndhFeU334HY	ndhFeU334HYrAfi	C	U	0.9627232720683406	ndhF	334	1	CAC	UAC	H	Y	false	false	false	false	U	A
ap_chloroplast	+	123944	ndhFeU419SL	ndhFeU419SLrAfi	C	U	0.9632914002887193	ndhF	419	2	UCG	UUG	S	L	false	false	false	false	U	G
ap_chloroplast	+	123973	ndhFeU448HY	ndhFeU448HYrAfi	C	U	0.9556425309849967	ndhF	448	1	CAU	UAU	H	Y	false	false	false	false	U	A
ap_chloroplast	+	124044	ndhFeU519AA	ndhFeU519AArAfi	C	U	0.42860659773510584	ndhF	519	3	GCC	GCU	A	A	true	false	false	false	C	G
ap_chloroplast	+	124112	ndhFeU587SL	ndhFeU587SLrAfi	C	U	0.9626193001060446	ndhF	587	2	UCA	UUA	S	L	false	false	false	false	U	A
ap_chloroplast	+	124123	ndhFeU598RW	ndhFeU598RWrAfi	C	U	0.9557544757033248	ndhF	598	1	CGG	UGG	R	W	false	false	false	false	U	G
ap_chloroplast	+	124268	ndhFeU743PL	ndhFeU743PLrAfi	C	U	0.972264728385616	ndhF	743	2	CCA	CUA	P	L	false	false	false	false	C	A
ap_chloroplast	+	124417	ndhFeU892RW	ndhFeU892RWrAfi	C	U	0.966183574879227	ndhF	892	1	CGG	UGG	R	W	false	false	false	false	U	G
ap_chloroplast	+	124604	ndhFeU1079PL	ndhFeU1079PLrAfi	C	U	0.9574295560510845	ndhF	1079	2	CCU	CUU	P	L	false	false	false	false	C	U
ap_chloroplast	+	124656	ndhFeU1131PP	ndhFeU1131PPrAfi	C	U	0.08142246404974737	ndhF	1131	3	CCC	CCU	P	P	true	false	false	false	C	G
ap_chloroplast	+	124666	ndhFeC1141*Q	ndhFeC1141*QrAfi	T	C	0.9215094339622641	ndhF	1141	1	UAG	CAG	*	Q	false	false	false	true	U	A
ap_chloroplast	+	124862	ndhFeU1337SF	ndhFeU1337SFrAfi	C	U	0.9632627646326276	ndhF	1337	2	UCU	UUU	S	F	false	false	false	false	U	U
ap_chloroplast	+	125450	ndhFeU1925SF	ndhFeU1904SFrAfi	C	U	0.1410958904109589	ndhF	1925	2	UCU	UUU	S	F	false	false	false	false	U	U
